{"prods":[{"id":"0.13931374999124646","qty":6,"TotalPrice":300},{"id":"0.5145334105998718","qty":1,"TotalPrice":79},{"id":"0.5262054713322162","qty":1,"TotalPrice":1},{"id":"0.25507662896908645","qty":1,"TotalPrice":80}],"TotalPrice":460,"TotalQuantity":9}